post_id,name,
36,hcapozzi0,
75,emcbain1,
41,msivill2,
75,rtointon3,
5,aneave4,
6,glegion5,
15,gshankland6,
41,fgludor7,
9,ehyrons8,
10,claycock9,
75,ctassella,
75,ndeareb,
13,tloxlyc,
15,bedesond,
15,gstorcke,
16,cpercyf,
41,ddannettg,
18,vlippietth,
80,rmuggletoni,
41,sjennyj,
15,ahenrychk,
18,sygoel,
18,abattiem,
18,mjasiakn,
15,mjenninso,
26,gdoltonp,
27,kviceq,
28,cstainlandr,
80,asimss,
41,ajuanest,
31,mdahlu,
15,rlambav,
36,mwishamw,
75,jwardroperx,
35,osorbiey,
36,akempstonz,
80,srawlyns10,
75,epeasgood11,
88,olaughtisse12,
40,atootal13,
18,yaronow14,
18,ptatlowe15,
75,nibbett16,
44,gyegoshin17,
18,vmullord18,
15,pausher19,
36,fbrandham1a,
15,sdiruggero1b,
49,mchubb1c,
88,bbracknell1d,
51,tcromett1e,
36,lrubinovitch1f,
53,swinnett1g,
54,bivanchenkov1h,
80,nossipenko1i,
56,ktulip1j,
57,rgross1k,
15,chadeke1l,
59,lmagarrell1m,
60,agorthy1n,
88,tmcsperrin1o,
64,rbradock1p,
64,mrandalson1q,
64,amcgroarty1r,
18,jblas1s,
41,fanthona1t,
80,hbryenton1u,
36,abeade1v,
88,fsleicht1w,
70,tburbidge1x,
71,sbromilow1y,
64,dconklin1z,
64,shardan20,
64,xroscoe21,
75,hjira22,
88,dhumphrys23,
41,icolly24,
41,lredmell25,
41,amackriell26,
80,kgirvin27,
41,ktrawin28,
82,pcosbey29,
36,slibbis2a,
84,dwolfer2b,
88,eharrhy2c,
86,gkeemar2d,
87,mciotto2e,
64,cvolk2f,
64,fkenforth2g,
90,slegall2h,
91,bmatushevitz2i,
80,mlecount2j,
64,scodrington2k,
41,calbert2l,
95,creglar2m,
41,aseed2n,
97,mjalland2o,
98,fdubois2p,
41,hault2q,
100,jhatterslay2r,
