name,password,email,phone,avatar
hcapozzi0,dBC7iocE3S,apaz0@hatena.ne.jp,7031082695,4
emcbain1,HEWT9pe,clenton1@omniture.com,1925264612,2
msivill2,hgdflNIGmgE,bsommerville2@ca.gov,4838734330,3
rtointon3,Hn8CrCjjRi2,cclement3@csmonitor.com,5395917284,1
aneave4,Kioqh5v9,jbudgett4@about.com,2887243197,7
glegion5,so9sue,bdaniau5@earthlink.net,7156461387,8
gshankland6,TyVqde6B,iquye6@ocn.ne.jp,3146072879,10
fgludor7,Lst3LAc,mpettendrich7@guardian.co.uk,4986475216,4
ehyrons8,L5jDglyu3a,lborrowman8@go.com,4755740008,6
claycock9,4wiBSNUM,prenish9@artisteer.com,1917827568,7
ctassella,KNpvMbdNDe,hnicelya@free.fr,5012789651,8
ndeareb,xHlltlc,schimientib@cdc.gov,4993364179,4
tloxlyc,kyL64Vb,munworthc@hud.gov,1132361787,6
bedesond,wCGdJtY,jboeckd@1688.com,7557946243,6
gstorcke,ZiRdmo,bfinchere@taobao.com,5421970069,2
cpercyf,p6k9Y6ef,lpaddlef@google.ca,9656392810,9
ddannettg,fcFI8GAafqTm,gestickg@stumbleupon.com,9503282278,6
vlippietth,xSmKcq,vhansfordh@independent.co.uk,6125771756,1
rmuggletoni,ui72EA3V,zheningami@mac.com,9895153241,8
sjennyj,dWJsq0VjH,kwaghornj@smugmug.com,8653418889,1
ahenrychk,ihyWqH,adowdallk@cbslocal.com,2089277993,10
sygoel,wAzJBM6s,vpeall@nationalgeographic.com,8043780406,4
abattiem,qpFlj2RLPT2,hprendergrastm@walmart.com,9581785600,8
mjasiakn,PN0tIhIY,sleeken@newyorker.com,9225906446,7
mjenninso,3MPc1Prs,mgollando@sciencedirect.com,5309138180,9
gdoltonp,rLjTv02,dlittonp@aol.com,1529359816,8
kviceq,LXJewM,dboyfieldq@infoseek.co.jp,4726459554,1
cstainlandr,0yJunO,lkindleysidesr@salon.com,8345851865,8
asimss,R2McWO,ddutnalls@cdbaby.com,4487700926,6
ajuanest,WeVF98EmVl,sreant@youtu.be,9059199731,2
mdahlu,JT0Dq1I,bbilyardu@ca.gov,8087728829,5
rlambav,Kz6p4cmN,gmaidmentv@hugedomains.com,1512980996,7
mwishamw,8ywumbmESeh,bbootsw@adobe.com,6301901706,6
jwardroperx,5T8PR9r,dkarolowskix@squidoo.com,4424138033,1
osorbiey,yps8VUbnr,askynnery@51.la,5259995785,8
akempstonz,g5oH6uWY,bwoloschinskiz@weebly.com,7207421973,2
srawlyns10,4m8nxxcJ,beslemont10@theguardian.com,9578354552,2
epeasgood11,M9pJNxAk,amumby11@joomla.org,4228796707,8
olaughtisse12,jjIPgM4c43x,mfoakes12@newyorker.com,7547601640,2
atootal13,LUYeR7boM,ttate13@symantec.com,7064778455,2
yaronow14,EtMPAbumJQk,lmonier14@blog.com,5913781349,9
ptatlowe15,1t94xcL64Ed,rwhifen15@un.org,1955740205,6
nibbett16,RQgvFMq1B6R,smorican16@theglobeandmail.com,4792543364,7
gyegoshin17,oGbuEqN,mbasketter17@dmoz.org,8653004375,5
vmullord18,6CC2o0,mrollings18@ed.gov,7713710984,7
pausher19,avAYd3Z,bbaszkiewicz19@usatoday.com,4353989656,9
fbrandham1a,jodjLYOLenyL,scurzey1a@redcross.org,1463971219,7
sdiruggero1b,iD9agrVvN2Sn,tgandrich1b@wp.com,3478169973,10
mchubb1c,4Gt2TH,splayden1c@unesco.org,1096479806,3
bbracknell1d,6Vr8SJm12,cbreslauer1d@elegantthemes.com,2893791508,4
tcromett1e,sjhhwUtNz,ipetrakov1e@shinystat.com,3945942011,9
lrubinovitch1f,l7ueZuzza2,kpenniall1f@cnbc.com,9858609144,1
swinnett1g,Wy5BHBQbq,cdogerty1g@hc360.com,4482403197,9
bivanchenkov1h,cWgM2jKgHb,mmckerley1h@nba.com,4036759921,3
nossipenko1i,es0CtK,traoul1i@a8.net,6692541553,8
ktulip1j,ezc3sbgJ9,kramplee1j@i2i.jp,7006344906,1
rgross1k,jnCixn,jlarham1k@bloglovin.com,6659570132,10
chadeke1l,mDJTTF,abeslier1l@gizmodo.com,8881572730,7
lmagarrell1m,i3zkaAeRPO,rsurcombe1m@yellowpages.com,2151878629,10
agorthy1n,MZY4FX7Yfct,claye1n@mozilla.org,6695935437,10
tmcsperrin1o,a6Q2GZhhDl,aconn1o@samsung.com,9492733345,6
rbradock1p,iLpvgTN,vbettinson1p@time.com,7746943568,9
mrandalson1q,sXDGctfi5Z,lmendenhall1q@infoseek.co.jp,7009872073,3
amcgroarty1r,cT3YGt,spapaminas1r@devhub.com,2941560783,3
jblas1s,m9FsVkG,fcounter1s@nature.com,5409235400,9
fanthona1t,Mg8Yms4,edillway1t@nydailynews.com,8033107901,4
hbryenton1u,iEvA5F,mrudeyeard1u@wiley.com,5954107925,8
abeade1v,c5OFjTm,qtoten1v@msn.com,9751106349,10
fsleicht1w,qb40g97qP,nbusfield1w@mediafire.com,5741607730,2
tburbidge1x,hfNrhj1zi2,jbatalini1x@google.pl,5723392514,9
sbromilow1y,BrHJ8OPr6,wscoffins1y@irs.gov,2431936973,5
dconklin1z,w1zOkfy,rsoppett1z@accuweather.com,1581997065,8
shardan20,ZgcMo0,teilert20@homestead.com,3124334242,5
xroscoe21,41P6zcmyj,pwhitham21@usa.gov,6068664688,6
hjira22,CbpRlD0JmSSV,wbonett22@paypal.com,5925530722,5
dhumphrys23,kg6x2xx5q,rrolfs23@blinklist.com,5543957671,1
icolly24,OkXgDP3G,ppratten24@auda.org.au,8655046590,8
lredmell25,TRWmT8G,dmoralas25@comcast.net,4124232701,1
amackriell26,SevkqxQ,jnassi26@fda.gov,6629944046,8
kgirvin27,xGUEHmjW,dclampin27@marriott.com,3553957126,3
ktrawin28,6IX9mTULpC,jfeely28@wired.com,6868312827,2
pcosbey29,MLWJbeFJVgf,rphelipeaux29@wikipedia.org,4867880316,1
slibbis2a,jUq8xol,bvoss2a@europa.eu,9031639326,1
dwolfer2b,iYAemjoVcQ,cgubbin2b@abc.net.au,9919418185,2
eharrhy2c,BS2o8VkMDdAa,cscarse2c@auda.org.au,1775070643,5
gkeemar2d,PbHLv8BFp,lmarkwelley2d@theatlantic.com,9939708240,2
mciotto2e,l6kvUQOo,nbevan2e@house.gov,3012710800,1
cvolk2f,uNXKWMKvHLn,mlummis2f@vk.com,5319347012,1
fkenforth2g,OlII0o6bZf7d,icolebourn2g@stumbleupon.com,7221053388,9
slegall2h,InFqLOSoVG5T,bmullaly2h@gravatar.com,4261698911,7
bmatushevitz2i,bgGRnd3ppTCZ,gtremelling2i@dmoz.org,2284021170,3
mlecount2j,qeLFWKk,rvalois2j@edublogs.org,7006281472,10
scodrington2k,4zbEwX,khudel2k@t.co,5446157787,3
calbert2l,MEgYbA,lkermode2l@unblog.fr,2113063565,3
creglar2m,9pV3J07p,acottisford2m@myspace.com,2116534185,1
aseed2n,X2VEXFDIQMh,ehonatsch2n@kickstarter.com,6962613784,10
mjalland2o,J0wbYM4H,fcrehan2o@angelfire.com,5801854080,2
fdubois2p,92Uyd8B5rWJd,ngormley2p@canalblog.com,9344013767,1
hault2q,hQMKW0lQx,kmeconi2q@alexa.com,2178904643,8
jhatterslay2r,i6UAg8yJd,shands2r@bbc.co.uk,3871945737,10
